{"R": 109.65374226422696, "G": 101.66426532491694, "B": 93.1285097101996}